,Target Search,Compound Score,Positive Score,Negative Score,Neutral Score,Tweet Ago,Tweet Time
0,@BBC,0.0,0.0,0.0,1.0,1,2018-09-28 23:35:39+00:00
1,@BBC,-0.5106,0.0,0.136,0.864,2,2018-09-28 23:35:37+00:00
2,@BBC,0.0,0.0,0.0,1.0,3,2018-09-28 23:34:27+00:00
3,@BBC,0.0,0.0,0.0,1.0,4,2018-09-28 23:32:20+00:00
4,@BBC,0.0,0.0,0.0,1.0,5,2018-09-28 23:32:18+00:00
5,@BBC,-0.1531,0.0,0.082,0.918,6,2018-09-28 23:31:50+00:00
6,@BBC,0.0,0.0,0.0,1.0,7,2018-09-28 23:31:44+00:00
7,@BBC,0.0,0.0,0.0,1.0,8,2018-09-28 23:31:41+00:00
8,@BBC,-0.75,0.0,0.262,0.738,9,2018-09-28 23:31:13+00:00
9,@BBC,-0.34,0.114,0.205,0.682,10,2018-09-28 23:31:07+00:00
10,@BBC,-0.7506,0.0,0.274,0.726,11,2018-09-28 23:31:05+00:00
11,@BBC,0.5848,0.166,0.0,0.834,12,2018-09-28 23:30:51+00:00
12,@BBC,0.0,0.0,0.0,1.0,13,2018-09-28 23:30:36+00:00
13,@BBC,0.0,0.0,0.0,1.0,14,2018-09-28 23:29:45+00:00
14,@BBC,0.0,0.0,0.0,1.0,15,2018-09-28 23:29:40+00:00
15,@BBC,0.0258,0.111,0.107,0.782,16,2018-09-28 23:28:58+00:00
16,@BBC,0.0,0.0,0.0,1.0,17,2018-09-28 23:28:30+00:00
17,@BBC,0.0,0.0,0.0,1.0,18,2018-09-28 23:28:28+00:00
18,@BBC,0.0,0.0,0.0,1.0,19,2018-09-28 23:28:24+00:00
19,@BBC,0.6249,0.231,0.0,0.769,20,2018-09-28 23:27:52+00:00
20,@BBC,0.5563,0.23,0.0,0.77,21,2018-09-28 23:27:34+00:00
21,@BBC,0.0,0.0,0.0,1.0,22,2018-09-28 23:27:18+00:00
22,@BBC,0.0,0.0,0.0,1.0,23,2018-09-28 23:27:14+00:00
23,@BBC,0.0,0.0,0.0,1.0,24,2018-09-28 23:26:31+00:00
24,@BBC,0.0,0.0,0.0,1.0,25,2018-09-28 23:26:29+00:00
25,@BBC,0.4215,0.237,0.0,0.763,26,2018-09-28 23:26:10+00:00
26,@BBC,0.0,0.0,0.0,1.0,27,2018-09-28 23:25:54+00:00
27,@BBC,-0.296,0.098,0.178,0.725,28,2018-09-28 23:25:42+00:00
28,@BBC,-0.3939,0.0,0.108,0.892,29,2018-09-28 23:24:43+00:00
29,@BBC,0.34,0.162,0.108,0.731,30,2018-09-28 23:24:11+00:00
30,@BBC,0.4926,0.144,0.0,0.856,31,2018-09-28 23:23:58+00:00
31,@BBC,-0.296,0.0,0.128,0.872,32,2018-09-28 23:23:46+00:00
32,@BBC,0.0,0.0,0.0,1.0,33,2018-09-28 23:23:28+00:00
33,@BBC,0.0,0.0,0.0,1.0,34,2018-09-28 23:23:06+00:00
34,@BBC,0.0,0.0,0.0,1.0,35,2018-09-28 23:22:45+00:00
35,@BBC,0.0,0.0,0.0,1.0,36,2018-09-28 23:22:35+00:00
36,@BBC,0.0,0.0,0.0,1.0,37,2018-09-28 23:22:22+00:00
37,@BBC,0.4404,0.132,0.0,0.868,38,2018-09-28 23:21:44+00:00
38,@BBC,0.0,0.0,0.0,1.0,39,2018-09-28 23:21:27+00:00
39,@BBC,0.0,0.0,0.0,1.0,40,2018-09-28 23:21:17+00:00
40,@BBC,0.0,0.0,0.0,1.0,41,2018-09-28 23:21:09+00:00
41,@BBC,0.0,0.0,0.0,1.0,42,2018-09-28 23:21:06+00:00
42,@BBC,0.0,0.0,0.0,1.0,43,2018-09-28 23:20:45+00:00
43,@BBC,-0.4215,0.0,0.128,0.872,44,2018-09-28 23:20:36+00:00
44,@BBC,0.4199,0.177,0.0,0.823,45,2018-09-28 23:20:01+00:00
45,@BBC,0.25,0.124,0.086,0.789,46,2018-09-28 23:19:59+00:00
46,@BBC,0.0,0.0,0.0,1.0,47,2018-09-28 23:19:36+00:00
47,@BBC,0.0,0.0,0.0,1.0,48,2018-09-28 23:18:40+00:00
48,@BBC,0.0,0.0,0.0,1.0,49,2018-09-28 23:18:28+00:00
49,@BBC,-0.6249,0.0,0.177,0.823,50,2018-09-28 23:18:20+00:00
50,@BBC,0.0,0.0,0.0,1.0,51,2018-09-28 23:17:52+00:00
51,@BBC,0.4019,0.119,0.0,0.881,52,2018-09-28 23:16:25+00:00
52,@BBC,0.0,0.0,0.0,1.0,53,2018-09-28 23:16:02+00:00
53,@BBC,0.0,0.0,0.0,1.0,54,2018-09-28 23:15:54+00:00
54,@BBC,-0.6249,0.0,0.177,0.823,55,2018-09-28 23:15:51+00:00
55,@BBC,0.4404,0.162,0.0,0.838,56,2018-09-28 23:15:28+00:00
56,@BBC,0.0,0.0,0.0,1.0,57,2018-09-28 23:14:55+00:00
57,@BBC,0.0,0.0,0.0,1.0,58,2018-09-28 23:14:10+00:00
58,@BBC,-0.6249,0.0,0.177,0.823,59,2018-09-28 23:13:08+00:00
59,@BBC,0.8225,0.275,0.0,0.725,60,2018-09-28 23:13:04+00:00
60,@BBC,0.4404,0.112,0.0,0.888,61,2018-09-28 23:12:17+00:00
61,@BBC,0.3612,0.217,0.0,0.783,62,2018-09-28 23:11:45+00:00
62,@BBC,0.4548,0.117,0.045,0.839,63,2018-09-28 23:10:56+00:00
63,@BBC,0.0,0.0,0.0,1.0,64,2018-09-28 23:10:31+00:00
64,@BBC,0.0,0.0,0.0,1.0,65,2018-09-28 23:10:29+00:00
65,@BBC,-0.6249,0.0,0.186,0.814,66,2018-09-28 23:09:26+00:00
66,@BBC,-0.5719,0.0,0.15,0.85,67,2018-09-28 23:09:04+00:00
67,@BBC,-0.5346,0.156,0.303,0.541,68,2018-09-28 23:08:57+00:00
68,@BBC,0.0,0.0,0.0,1.0,69,2018-09-28 23:07:24+00:00
69,@BBC,0.0,0.0,0.0,1.0,70,2018-09-28 23:06:47+00:00
70,@BBC,-0.7506,0.0,0.274,0.726,71,2018-09-28 23:06:33+00:00
71,@BBC,-0.3612,0.0,0.172,0.828,72,2018-09-28 23:06:06+00:00
72,@BBC,0.5256,0.124,0.0,0.876,73,2018-09-28 23:06:02+00:00
73,@BBC,0.0,0.0,0.0,1.0,74,2018-09-28 23:05:08+00:00
74,@BBC,0.5848,0.166,0.0,0.834,75,2018-09-28 23:05:01+00:00
75,@BBC,0.0,0.0,0.0,1.0,76,2018-09-28 23:03:42+00:00
76,@BBC,0.0,0.0,0.0,1.0,77,2018-09-28 23:03:39+00:00
77,@BBC,0.0,0.0,0.0,1.0,78,2018-09-28 23:03:09+00:00
78,@BBC,0.0,0.0,0.0,1.0,79,2018-09-28 23:03:02+00:00
79,@BBC,0.0,0.0,0.0,1.0,80,2018-09-28 23:02:21+00:00
80,@BBC,0.7783,0.375,0.0,0.625,81,2018-09-28 23:02:02+00:00
81,@BBC,0.9304,0.478,0.0,0.522,82,2018-09-28 23:02:01+00:00
82,@BBC,0.4404,0.112,0.0,0.888,83,2018-09-28 23:01:57+00:00
83,@BBC,0.0,0.0,0.0,1.0,84,2018-09-28 22:59:26+00:00
84,@BBC,-0.7506,0.0,0.274,0.726,85,2018-09-28 22:58:53+00:00
85,@BBC,-0.4215,0.0,0.128,0.872,86,2018-09-28 22:58:46+00:00
86,@BBC,0.0,0.0,0.0,1.0,87,2018-09-28 22:56:53+00:00
87,@BBC,0.0,0.0,0.0,1.0,88,2018-09-28 22:56:43+00:00
88,@BBC,-0.4767,0.0,0.237,0.763,89,2018-09-28 22:56:35+00:00
89,@BBC,0.0,0.0,0.0,1.0,90,2018-09-28 22:56:29+00:00
90,@BBC,0.3595,0.106,0.0,0.894,91,2018-09-28 22:56:26+00:00
91,@BBC,0.34,0.162,0.108,0.731,92,2018-09-28 22:56:22+00:00
92,@BBC,0.0,0.0,0.0,1.0,93,2018-09-28 22:55:48+00:00
93,@BBC,0.5423,0.179,0.0,0.821,94,2018-09-28 22:55:28+00:00
94,@BBC,0.0,0.0,0.0,1.0,95,2018-09-28 22:54:59+00:00
95,@CBSNews,-0.3182,0.073,0.142,0.785,1,2018-09-28 22:54:54+00:00
96,@CBSNews,-0.5563,0.0,0.418,0.582,2,2018-09-28 22:54:54+00:00
97,@CBSNews,0.0,0.0,0.0,1.0,3,2018-09-28 22:54:53+00:00
98,@CBSNews,0.0,0.0,0.0,1.0,4,2018-09-28 22:54:52+00:00
99,@CBSNews,0.8074,0.289,0.0,0.711,5,2018-09-28 22:54:52+00:00
100,@CBSNews,-0.6476,0.0,0.249,0.751,6,2018-09-28 22:54:52+00:00
101,@CBSNews,-0.34,0.0,0.286,0.714,7,2018-09-28 22:54:48+00:00
102,@CBSNews,-0.3595,0.0,0.293,0.707,8,2018-09-28 22:54:47+00:00
103,@CBSNews,0.0,0.0,0.0,1.0,9,2018-09-28 22:54:46+00:00
104,@CBSNews,0.5093,0.212,0.092,0.696,10,2018-09-28 22:54:45+00:00
105,@CBSNews,0.0,0.0,0.0,1.0,11,2018-09-28 22:54:43+00:00
106,@CBSNews,0.34,0.112,0.0,0.888,12,2018-09-28 22:54:42+00:00
107,@CBSNews,0.0258,0.084,0.0,0.916,13,2018-09-28 22:54:39+00:00
108,@CBSNews,-0.4019,0.0,0.109,0.891,14,2018-09-28 22:54:37+00:00
109,@CBSNews,-0.1027,0.0,0.072,0.928,15,2018-09-28 22:54:35+00:00
110,@CBSNews,0.6369,0.512,0.0,0.488,16,2018-09-28 22:54:33+00:00
111,@CBSNews,0.0,0.0,0.0,1.0,17,2018-09-28 22:54:28+00:00
112,@CBSNews,0.3802,0.393,0.0,0.607,18,2018-09-28 22:54:25+00:00
113,@CBSNews,-0.5106,0.0,0.452,0.548,19,2018-09-28 22:54:21+00:00
114,@CBSNews,0.0,0.0,0.0,1.0,20,2018-09-28 22:54:20+00:00
115,@CBSNews,-0.34,0.0,0.375,0.625,21,2018-09-28 22:54:19+00:00
116,@CBSNews,0.0,0.0,0.0,1.0,22,2018-09-28 22:54:19+00:00
117,@CBSNews,-0.4767,0.066,0.173,0.761,23,2018-09-28 22:54:18+00:00
118,@CBSNews,-0.6739,0.0,0.819,0.181,24,2018-09-28 22:54:16+00:00
119,@CBSNews,-0.6981,0.105,0.278,0.616,25,2018-09-28 22:54:13+00:00
120,@CBSNews,0.7184,0.24,0.0,0.76,26,2018-09-28 22:54:11+00:00
121,@CBSNews,-0.296,0.0,0.268,0.732,27,2018-09-28 22:54:08+00:00
122,@CBSNews,0.0,0.0,0.0,1.0,28,2018-09-28 22:54:06+00:00
123,@CBSNews,0.2746,0.393,0.237,0.37,29,2018-09-28 22:54:01+00:00
124,@CBSNews,0.0,0.0,0.0,1.0,30,2018-09-28 22:53:56+00:00
125,@CBSNews,0.0,0.0,0.0,1.0,31,2018-09-28 22:53:56+00:00
126,@CBSNews,0.0,0.0,0.0,1.0,32,2018-09-28 22:53:55+00:00
127,@CBSNews,0.0,0.0,0.0,1.0,33,2018-09-28 22:53:55+00:00
128,@CBSNews,0.0,0.0,0.0,1.0,34,2018-09-28 22:53:54+00:00
129,@CBSNews,0.0,0.0,0.0,1.0,35,2018-09-28 22:53:54+00:00
130,@CBSNews,-0.0196,0.106,0.109,0.785,36,2018-09-28 22:53:53+00:00
131,@CBSNews,-0.5267,0.0,0.167,0.833,37,2018-09-28 22:53:52+00:00
132,@CBSNews,0.0,0.0,0.0,1.0,38,2018-09-28 22:53:48+00:00
133,@CBSNews,0.4019,0.094,0.0,0.906,39,2018-09-28 22:53:39+00:00
134,@CBSNews,0.7184,0.429,0.0,0.571,40,2018-09-28 22:53:37+00:00
135,@CBSNews,0.4404,0.153,0.0,0.847,41,2018-09-28 22:53:36+00:00
136,@CBSNews,0.0,0.0,0.0,1.0,42,2018-09-28 22:53:34+00:00
137,@CBSNews,0.5574,0.153,0.0,0.847,43,2018-09-28 22:53:32+00:00
138,@CBSNews,-0.5267,0.0,0.159,0.841,44,2018-09-28 22:53:32+00:00
139,@CBSNews,-0.7452,0.0,0.21,0.79,45,2018-09-28 22:53:30+00:00
140,@CBSNews,0.0,0.0,0.0,1.0,46,2018-09-28 22:53:29+00:00
141,@CBSNews,0.4404,0.293,0.0,0.707,47,2018-09-28 22:53:23+00:00
142,@CBSNews,-0.4588,0.119,0.246,0.636,48,2018-09-28 22:53:16+00:00
143,@CBSNews,0.4019,0.213,0.0,0.787,49,2018-09-28 22:53:14+00:00
144,@CBSNews,0.0,0.0,0.0,1.0,50,2018-09-28 22:53:07+00:00
145,@CBSNews,0.0772,0.244,0.182,0.574,51,2018-09-28 22:53:06+00:00
146,@CBSNews,0.0,0.0,0.0,1.0,52,2018-09-28 22:52:59+00:00
147,@CBSNews,-0.3802,0.0,0.206,0.794,53,2018-09-28 22:52:55+00:00
148,@CBSNews,0.0,0.0,0.0,1.0,54,2018-09-28 22:52:52+00:00
149,@CBSNews,0.0,0.0,0.0,1.0,55,2018-09-28 22:52:51+00:00
150,@CBSNews,-0.4939,0.095,0.179,0.725,56,2018-09-28 22:52:50+00:00
151,@CBSNews,0.0,0.0,0.0,1.0,57,2018-09-28 22:52:49+00:00
152,@CBSNews,0.3945,0.359,0.218,0.423,58,2018-09-28 22:52:44+00:00
153,@CBSNews,0.0,0.0,0.0,1.0,59,2018-09-28 22:52:40+00:00
154,@CBSNews,0.0,0.0,0.0,1.0,60,2018-09-28 22:52:38+00:00
155,@CBSNews,-0.4767,0.066,0.173,0.761,61,2018-09-28 22:52:37+00:00
156,@CBSNews,0.0,0.0,0.0,1.0,62,2018-09-28 22:52:35+00:00
157,@CBSNews,-0.34,0.089,0.152,0.759,63,2018-09-28 22:52:24+00:00
158,@CBSNews,0.0,0.0,0.0,1.0,64,2018-09-28 22:52:22+00:00
159,@CBSNews,0.0,0.0,0.0,1.0,65,2018-09-28 22:52:06+00:00
160,@CBSNews,0.0,0.0,0.0,1.0,66,2018-09-28 22:52:05+00:00
161,@CBSNews,0.6705,0.256,0.0,0.744,67,2018-09-28 22:52:04+00:00
162,@CBSNews,-0.1027,0.0,0.065,0.935,68,2018-09-28 22:52:04+00:00
163,@CBSNews,0.0,0.0,0.0,1.0,69,2018-09-28 22:52:04+00:00
164,@CBSNews,-0.4588,0.119,0.246,0.636,70,2018-09-28 22:52:00+00:00
165,@CBSNews,0.0,0.0,0.0,1.0,71,2018-09-28 22:51:46+00:00
166,@CBSNews,0.4215,0.483,0.0,0.517,72,2018-09-28 22:51:43+00:00
167,@CBSNews,0.5106,0.249,0.0,0.751,73,2018-09-28 22:51:42+00:00
168,@CBSNews,0.6996,0.293,0.0,0.707,74,2018-09-28 22:51:41+00:00
169,@CBSNews,0.0,0.0,0.0,1.0,75,2018-09-28 22:51:37+00:00
170,@CBSNews,0.3182,0.126,0.0,0.874,76,2018-09-28 22:51:36+00:00
171,@CBSNews,0.5106,0.249,0.0,0.751,77,2018-09-28 22:51:27+00:00
172,@CBSNews,0.3182,0.084,0.0,0.916,78,2018-09-28 22:51:23+00:00
173,@CBSNews,0.3612,0.091,0.0,0.909,79,2018-09-28 22:51:22+00:00
174,@CBSNews,0.0,0.0,0.0,1.0,80,2018-09-28 22:51:14+00:00
175,@CBSNews,0.0,0.0,0.0,1.0,81,2018-09-28 22:51:09+00:00
176,@CBSNews,0.7277,0.203,0.049,0.749,82,2018-09-28 22:51:06+00:00
177,@CBSNews,0.0,0.0,0.0,1.0,83,2018-09-28 22:51:04+00:00
178,@CBSNews,0.0,0.0,0.0,1.0,84,2018-09-28 22:51:03+00:00
179,@CBSNews,-0.5204,0.0,0.324,0.676,85,2018-09-28 22:51:01+00:00
180,@CBSNews,0.296,0.316,0.177,0.506,86,2018-09-28 22:50:56+00:00
181,@CBSNews,-0.8164,0.104,0.319,0.577,87,2018-09-28 22:50:55+00:00
182,@CBSNews,0.0258,0.091,0.0,0.909,88,2018-09-28 22:50:53+00:00
183,@CBSNews,0.3612,0.333,0.0,0.667,89,2018-09-28 22:50:51+00:00
184,@CBSNews,-0.6428,0.0,0.168,0.832,90,2018-09-28 22:50:42+00:00
185,@CBSNews,0.0,0.0,0.0,1.0,91,2018-09-28 22:50:42+00:00
186,@CBSNews,0.0,0.0,0.0,1.0,92,2018-09-28 22:50:41+00:00
187,@CBSNews,0.4404,0.182,0.0,0.818,93,2018-09-28 22:50:41+00:00
188,@CBSNews,0.7096,0.258,0.0,0.742,94,2018-09-28 22:50:39+00:00
189,@CBSNews,0.0,0.0,0.0,1.0,95,2018-09-28 22:50:35+00:00
190,@CBSNews,-0.2263,0.0,0.137,0.863,96,2018-09-28 22:50:31+00:00
191,@CBSNews,0.25,0.414,0.241,0.345,97,2018-09-28 22:50:27+00:00
192,@CBSNews,0.0,0.0,0.0,1.0,98,2018-09-28 22:50:26+00:00
193,@CBSNews,-0.6428,0.0,0.168,0.832,99,2018-09-28 22:50:26+00:00
194,@CBSNews,0.0258,0.084,0.0,0.916,100,2018-09-28 22:50:25+00:00
195,@CNN,-0.7003,0.0,0.744,0.256,1,2018-09-28 22:50:21+00:00
196,@CNN,-0.4588,0.0,0.1,0.9,2,2018-09-28 22:50:21+00:00
197,@CNN,-0.7003,0.051,0.225,0.725,3,2018-09-28 22:50:20+00:00
198,@CNN,-0.4588,0.0,0.1,0.9,4,2018-09-28 22:50:17+00:00
199,@CNN,0.25,0.099,0.062,0.839,5,2018-09-28 22:50:13+00:00
200,@CNN,0.0,0.0,0.0,1.0,6,2018-09-28 22:50:13+00:00
201,@CNN,0.0,0.0,0.0,1.0,7,2018-09-28 22:50:13+00:00
202,@CNN,0.0,0.0,0.0,1.0,8,2018-09-28 22:50:11+00:00
203,@CNN,0.0,0.0,0.0,1.0,9,2018-09-28 22:50:10+00:00
204,@CNN,0.25,0.099,0.062,0.839,10,2018-09-28 22:50:09+00:00
205,@CNN,-0.1027,0.14,0.163,0.698,11,2018-09-28 22:50:09+00:00
206,@CNN,-0.4019,0.0,0.252,0.748,12,2018-09-28 22:50:07+00:00
207,@CNN,-0.6597,0.0,0.197,0.803,13,2018-09-28 22:50:06+00:00
208,@CNN,-0.3016,0.112,0.168,0.72,14,2018-09-28 22:50:05+00:00
209,@CNN,0.0,0.0,0.0,1.0,15,2018-09-28 22:50:05+00:00
210,@CNN,0.0258,0.048,0.0,0.952,16,2018-09-28 22:50:05+00:00
211,@CNN,0.0,0.0,0.0,1.0,17,2018-09-28 22:50:04+00:00
212,@CNN,0.0,0.0,0.0,1.0,18,2018-09-28 22:50:03+00:00
213,@CNN,-0.4767,0.066,0.173,0.761,19,2018-09-28 22:50:03+00:00
214,@CNN,0.0,0.0,0.0,1.0,20,2018-09-28 22:50:02+00:00
215,@CNN,0.2944,0.103,0.0,0.897,21,2018-09-28 22:50:01+00:00
216,@CNN,0.0,0.0,0.0,1.0,22,2018-09-28 22:50:00+00:00
217,@CNN,-0.1779,0.118,0.147,0.735,23,2018-09-28 22:49:58+00:00
218,@CNN,0.7003,0.367,0.0,0.633,24,2018-09-28 22:49:57+00:00
219,@CNN,0.0,0.0,0.0,1.0,25,2018-09-28 22:49:56+00:00
220,@CNN,0.25,0.099,0.062,0.839,26,2018-09-28 22:49:55+00:00
221,@CNN,-0.7712,0.0,0.268,0.732,27,2018-09-28 22:49:53+00:00
222,@CNN,0.296,0.155,0.0,0.845,28,2018-09-28 22:49:52+00:00
223,@CNN,-0.1027,0.107,0.121,0.772,29,2018-09-28 22:49:52+00:00
224,@CNN,0.0,0.0,0.0,1.0,30,2018-09-28 22:49:51+00:00
225,@CNN,-0.7003,0.051,0.225,0.725,31,2018-09-28 22:49:51+00:00
226,@CNN,0.0,0.0,0.0,1.0,32,2018-09-28 22:49:51+00:00
227,@CNN,0.25,0.099,0.062,0.839,33,2018-09-28 22:49:50+00:00
228,@CNN,-0.7096,0.0,0.237,0.763,34,2018-09-28 22:49:49+00:00
229,@CNN,-0.7184,0.0,0.25,0.75,35,2018-09-28 22:49:49+00:00
230,@CNN,0.3818,0.12,0.0,0.88,36,2018-09-28 22:49:49+00:00
231,@CNN,-0.5267,0.089,0.196,0.714,37,2018-09-28 22:49:48+00:00
232,@CNN,0.25,0.099,0.062,0.839,38,2018-09-28 22:49:48+00:00
233,@CNN,0.296,0.145,0.0,0.855,39,2018-09-28 22:49:47+00:00
234,@CNN,0.0,0.0,0.0,1.0,40,2018-09-28 22:49:46+00:00
235,@CNN,0.0,0.0,0.0,1.0,41,2018-09-28 22:49:45+00:00
236,@CNN,0.0,0.0,0.0,1.0,42,2018-09-28 22:49:44+00:00
237,@CNN,0.0,0.0,0.0,1.0,43,2018-09-28 22:49:43+00:00
238,@CNN,-0.8462,0.0,0.324,0.676,44,2018-09-28 22:49:43+00:00
239,@CNN,0.5574,0.153,0.0,0.847,45,2018-09-28 22:49:43+00:00
240,@CNN,0.0,0.0,0.0,1.0,46,2018-09-28 22:49:43+00:00
241,@CNN,0.0,0.0,0.0,1.0,47,2018-09-28 22:49:42+00:00
242,@CNN,0.0,0.0,0.0,1.0,48,2018-09-28 22:49:41+00:00
243,@CNN,0.0,0.0,0.0,1.0,49,2018-09-28 22:49:41+00:00
244,@CNN,-0.4939,0.0,0.16,0.84,50,2018-09-28 22:49:40+00:00
245,@CNN,0.0,0.0,0.0,1.0,51,2018-09-28 22:49:40+00:00
246,@CNN,0.0258,0.126,0.162,0.711,52,2018-09-28 22:49:39+00:00
247,@CNN,-0.4588,0.0,0.1,0.9,53,2018-09-28 22:49:38+00:00
248,@CNN,0.25,0.099,0.062,0.839,54,2018-09-28 22:49:37+00:00
249,@CNN,-0.4939,0.0,0.174,0.826,55,2018-09-28 22:49:37+00:00
250,@CNN,0.25,0.099,0.062,0.839,56,2018-09-28 22:49:36+00:00
251,@CNN,-0.3578,0.065,0.12,0.815,57,2018-09-28 22:49:35+00:00
252,@CNN,-0.34,0.0,0.324,0.676,58,2018-09-28 22:49:34+00:00
253,@CNN,0.4588,0.188,0.0,0.812,59,2018-09-28 22:49:32+00:00
254,@CNN,0.0,0.0,0.0,1.0,60,2018-09-28 22:49:32+00:00
255,@CNN,0.25,0.099,0.062,0.839,61,2018-09-28 22:49:31+00:00
256,@CNN,0.6369,0.184,0.0,0.816,62,2018-09-28 22:49:31+00:00
257,@CNN,0.4939,0.176,0.0,0.824,63,2018-09-28 22:49:30+00:00
258,@CNN,0.0,0.0,0.0,1.0,64,2018-09-28 22:49:28+00:00
259,@CNN,0.25,0.099,0.062,0.839,65,2018-09-28 22:49:28+00:00
260,@CNN,0.2263,0.176,0.128,0.695,66,2018-09-28 22:49:28+00:00
261,@CNN,-0.296,0.0,0.095,0.905,67,2018-09-28 22:49:27+00:00
262,@CNN,0.6144,0.216,0.064,0.719,68,2018-09-28 22:49:26+00:00
263,@CNN,0.25,0.099,0.062,0.839,69,2018-09-28 22:49:24+00:00
264,@CNN,0.25,0.099,0.062,0.839,70,2018-09-28 22:49:19+00:00
265,@CNN,0.25,0.099,0.062,0.839,71,2018-09-28 22:49:19+00:00
266,@CNN,0.0,0.0,0.0,1.0,72,2018-09-28 22:49:18+00:00
267,@CNN,0.25,0.099,0.062,0.839,73,2018-09-28 22:49:16+00:00
268,@CNN,-0.7712,0.0,0.268,0.732,74,2018-09-28 22:49:16+00:00
269,@CNN,-0.3578,0.065,0.12,0.815,75,2018-09-28 22:49:14+00:00
270,@CNN,-0.7096,0.0,0.237,0.763,76,2018-09-28 22:49:12+00:00
271,@CNN,0.0,0.0,0.0,1.0,77,2018-09-28 22:49:12+00:00
272,@CNN,0.0,0.0,0.0,1.0,78,2018-09-28 22:49:12+00:00
273,@CNN,-0.5423,0.0,0.636,0.364,79,2018-09-28 22:49:12+00:00
274,@CNN,0.0,0.0,0.0,1.0,80,2018-09-28 22:49:12+00:00
275,@CNN,0.0,0.0,0.0,1.0,81,2018-09-28 22:49:11+00:00
276,@CNN,0.0,0.0,0.0,1.0,82,2018-09-28 22:49:10+00:00
277,@CNN,0.7531,0.347,0.0,0.653,83,2018-09-28 22:49:09+00:00
278,@CNN,0.0,0.0,0.0,1.0,84,2018-09-28 22:49:08+00:00
279,@CNN,0.296,0.239,0.0,0.761,85,2018-09-28 22:49:07+00:00
280,@CNN,0.0,0.0,0.0,1.0,86,2018-09-28 22:49:07+00:00
281,@CNN,0.25,0.099,0.062,0.839,87,2018-09-28 22:49:05+00:00
282,@CNN,0.0,0.0,0.0,1.0,88,2018-09-28 22:49:04+00:00
283,@CNN,0.0,0.0,0.0,1.0,89,2018-09-28 22:49:04+00:00
284,@CNN,-0.7712,0.0,0.268,0.732,90,2018-09-28 22:49:04+00:00
285,@CNN,0.0,0.0,0.0,1.0,91,2018-09-28 22:49:02+00:00
286,@CNN,0.0,0.0,0.0,1.0,92,2018-09-28 22:49:02+00:00
287,@CNN,0.0,0.0,0.0,1.0,93,2018-09-28 22:49:02+00:00
288,@CNN,-0.1027,0.14,0.163,0.698,94,2018-09-28 22:49:02+00:00
289,@CNN,-0.6705,0.0,0.268,0.732,95,2018-09-28 22:49:01+00:00
290,@CNN,0.0,0.0,0.0,1.0,96,2018-09-28 22:49:00+00:00
291,@CNN,-0.2225,0.0,0.119,0.881,97,2018-09-28 22:49:00+00:00
292,@CNN,-0.5106,0.0,0.155,0.845,98,2018-09-28 22:48:58+00:00
293,@CNN,0.296,0.161,0.092,0.747,99,2018-09-28 22:48:57+00:00
294,@CNN,-0.4404,0.0,0.225,0.775,100,2018-09-28 22:48:56+00:00
295,@FoxNews,0.0,0.0,0.0,1.0,1,2018-09-28 22:48:56+00:00
296,@FoxNews,0.296,0.24,0.135,0.625,2,2018-09-28 22:48:56+00:00
297,@FoxNews,-0.4926,0.0,0.262,0.738,3,2018-09-28 22:48:55+00:00
298,@FoxNews,0.5304,0.208,0.0,0.792,4,2018-09-28 22:48:55+00:00
299,@FoxNews,0.0,0.0,0.0,1.0,5,2018-09-28 22:48:55+00:00
300,@FoxNews,0.2235,0.095,0.0,0.905,6,2018-09-28 22:48:55+00:00
301,@FoxNews,0.3787,0.202,0.109,0.689,7,2018-09-28 22:48:55+00:00
302,@FoxNews,0.2023,0.091,0.0,0.909,8,2018-09-28 22:48:54+00:00
303,@FoxNews,0.6052,0.319,0.098,0.583,9,2018-09-28 22:48:54+00:00
304,@FoxNews,-0.7351,0.0,0.36,0.64,10,2018-09-28 22:48:54+00:00
305,@FoxNews,0.6808,0.228,0.0,0.772,11,2018-09-28 22:48:54+00:00
306,@FoxNews,0.42,0.149,0.0,0.851,12,2018-09-28 22:48:54+00:00
307,@FoxNews,0.0,0.0,0.0,1.0,13,2018-09-28 22:48:53+00:00
308,@FoxNews,-0.5267,0.0,0.207,0.793,14,2018-09-28 22:48:53+00:00
309,@FoxNews,0.0,0.0,0.0,1.0,15,2018-09-28 22:48:53+00:00
310,@FoxNews,-0.4767,0.0,0.129,0.871,16,2018-09-28 22:48:52+00:00
311,@FoxNews,-0.3595,0.0,0.122,0.878,17,2018-09-28 22:48:51+00:00
312,@FoxNews,0.0,0.0,0.0,1.0,18,2018-09-28 22:48:51+00:00
313,@FoxNews,0.0,0.0,0.0,1.0,19,2018-09-28 22:48:51+00:00
314,@FoxNews,0.0,0.0,0.0,1.0,20,2018-09-28 22:48:50+00:00
315,@FoxNews,0.4019,0.114,0.0,0.886,21,2018-09-28 22:48:50+00:00
316,@FoxNews,0.6369,0.321,0.0,0.679,22,2018-09-28 22:48:50+00:00
317,@FoxNews,-0.7034,0.0,0.217,0.783,23,2018-09-28 22:48:50+00:00
318,@FoxNews,0.0,0.0,0.0,1.0,24,2018-09-28 22:48:50+00:00
319,@FoxNews,0.0,0.0,0.0,1.0,25,2018-09-28 22:48:49+00:00
320,@FoxNews,-0.516,0.0,0.172,0.828,26,2018-09-28 22:48:49+00:00
321,@FoxNews,0.296,0.145,0.0,0.855,27,2018-09-28 22:48:48+00:00
322,@FoxNews,0.4019,0.114,0.0,0.886,28,2018-09-28 22:48:48+00:00
323,@FoxNews,0.0,0.0,0.0,1.0,29,2018-09-28 22:48:48+00:00
324,@FoxNews,0.0,0.0,0.0,1.0,30,2018-09-28 22:48:48+00:00
325,@FoxNews,0.0,0.0,0.0,1.0,31,2018-09-28 22:48:48+00:00
326,@FoxNews,-0.6124,0.0,0.571,0.429,32,2018-09-28 22:48:48+00:00
327,@FoxNews,0.6808,0.228,0.0,0.772,33,2018-09-28 22:48:47+00:00
328,@FoxNews,-0.296,0.0,0.115,0.885,34,2018-09-28 22:48:47+00:00
329,@FoxNews,-0.7003,0.0,0.244,0.756,35,2018-09-28 22:48:46+00:00
330,@FoxNews,0.0,0.0,0.0,1.0,36,2018-09-28 22:48:46+00:00
331,@FoxNews,-0.6468,0.0,0.682,0.318,37,2018-09-28 22:48:46+00:00
332,@FoxNews,0.0,0.0,0.0,1.0,38,2018-09-28 22:48:46+00:00
333,@FoxNews,0.3818,0.106,0.0,0.894,39,2018-09-28 22:48:46+00:00
334,@FoxNews,-0.1531,0.0,0.082,0.918,40,2018-09-28 22:48:45+00:00
335,@FoxNews,0.0,0.0,0.0,1.0,41,2018-09-28 22:48:45+00:00
336,@FoxNews,0.2235,0.274,0.0,0.726,42,2018-09-28 22:48:45+00:00
337,@FoxNews,0.3612,0.111,0.0,0.889,43,2018-09-28 22:48:45+00:00
338,@FoxNews,-0.1366,0.088,0.117,0.795,44,2018-09-28 22:48:45+00:00
339,@FoxNews,0.4927,0.315,0.24,0.445,45,2018-09-28 22:48:45+00:00
340,@FoxNews,0.6908,0.388,0.0,0.612,46,2018-09-28 22:48:45+00:00
341,@FoxNews,0.6808,0.228,0.0,0.772,47,2018-09-28 22:48:45+00:00
342,@FoxNews,-0.8074,0.0,0.289,0.711,48,2018-09-28 22:48:44+00:00
343,@FoxNews,0.5413,0.132,0.0,0.868,49,2018-09-28 22:48:44+00:00
344,@FoxNews,0.6808,0.228,0.0,0.772,50,2018-09-28 22:48:43+00:00
345,@FoxNews,0.0,0.0,0.0,1.0,51,2018-09-28 22:48:43+00:00
346,@FoxNews,0.0,0.0,0.0,1.0,52,2018-09-28 22:48:42+00:00
347,@FoxNews,0.0,0.0,0.0,1.0,53,2018-09-28 22:48:42+00:00
348,@FoxNews,-0.3182,0.0,0.119,0.881,54,2018-09-28 22:48:41+00:00
349,@FoxNews,-0.4939,0.0,0.176,0.824,55,2018-09-28 22:48:40+00:00
350,@FoxNews,0.0,0.0,0.0,1.0,56,2018-09-28 22:48:40+00:00
351,@FoxNews,0.0,0.0,0.0,1.0,57,2018-09-28 22:48:39+00:00
352,@FoxNews,0.0,0.0,0.0,1.0,58,2018-09-28 22:48:39+00:00
353,@FoxNews,-0.5255,0.0,0.134,0.866,59,2018-09-28 22:48:39+00:00
354,@FoxNews,0.2263,0.093,0.057,0.85,60,2018-09-28 22:48:39+00:00
355,@FoxNews,-0.296,0.0,0.104,0.896,61,2018-09-28 22:48:38+00:00
356,@FoxNews,0.0,0.0,0.0,1.0,62,2018-09-28 22:48:38+00:00
357,@FoxNews,-0.6808,0.0,0.434,0.566,63,2018-09-28 22:48:38+00:00
358,@FoxNews,-0.5859,0.0,0.432,0.568,64,2018-09-28 22:48:38+00:00
359,@FoxNews,0.0,0.0,0.0,1.0,65,2018-09-28 22:48:38+00:00
360,@FoxNews,0.0,0.0,0.0,1.0,66,2018-09-28 22:48:37+00:00
361,@FoxNews,0.5803,0.241,0.0,0.759,67,2018-09-28 22:48:37+00:00
362,@FoxNews,-0.3252,0.0,0.109,0.891,68,2018-09-28 22:48:37+00:00
363,@FoxNews,0.0,0.0,0.0,1.0,69,2018-09-28 22:48:37+00:00
364,@FoxNews,0.0,0.0,0.0,1.0,70,2018-09-28 22:48:37+00:00
365,@FoxNews,-0.7003,0.0,0.244,0.756,71,2018-09-28 22:48:36+00:00
366,@FoxNews,-0.6988,0.0,0.452,0.548,72,2018-09-28 22:48:36+00:00
367,@FoxNews,0.0,0.0,0.0,1.0,73,2018-09-28 22:48:36+00:00
368,@FoxNews,0.0772,0.145,0.13,0.725,74,2018-09-28 22:48:36+00:00
369,@FoxNews,0.0,0.0,0.0,1.0,75,2018-09-28 22:48:36+00:00
370,@FoxNews,0.7783,0.274,0.0,0.726,76,2018-09-28 22:48:35+00:00
371,@FoxNews,0.0,0.0,0.0,1.0,77,2018-09-28 22:48:35+00:00
372,@FoxNews,0.6808,0.237,0.0,0.763,78,2018-09-28 22:48:35+00:00
373,@FoxNews,0.0,0.0,0.0,1.0,79,2018-09-28 22:48:35+00:00
374,@FoxNews,-0.6092,0.092,0.233,0.674,80,2018-09-28 22:48:35+00:00
375,@FoxNews,0.0,0.0,0.0,1.0,81,2018-09-28 22:48:35+00:00
376,@FoxNews,0.0,0.0,0.0,1.0,82,2018-09-28 22:48:35+00:00
377,@FoxNews,0.0,0.0,0.0,1.0,83,2018-09-28 22:48:34+00:00
378,@FoxNews,0.4404,0.42,0.0,0.58,84,2018-09-28 22:48:34+00:00
379,@FoxNews,0.4019,0.13,0.0,0.87,85,2018-09-28 22:48:34+00:00
380,@FoxNews,0.0,0.0,0.0,1.0,86,2018-09-28 22:48:33+00:00
381,@FoxNews,-0.3182,0.111,0.199,0.69,87,2018-09-28 22:48:33+00:00
382,@FoxNews,0.0,0.0,0.0,1.0,88,2018-09-28 22:48:33+00:00
383,@FoxNews,0.296,0.306,0.0,0.694,89,2018-09-28 22:48:33+00:00
384,@FoxNews,-0.0772,0.0,0.115,0.885,90,2018-09-28 22:48:32+00:00
385,@FoxNews,0.1027,0.097,0.0,0.903,91,2018-09-28 22:48:32+00:00
386,@FoxNews,0.0,0.0,0.0,1.0,92,2018-09-28 22:48:32+00:00
387,@FoxNews,0.6486,0.261,0.0,0.739,93,2018-09-28 22:48:32+00:00
388,@FoxNews,0.0,0.0,0.0,1.0,94,2018-09-28 22:48:31+00:00
389,@FoxNews,0.0,0.0,0.0,1.0,95,2018-09-28 22:48:31+00:00
390,@FoxNews,0.0,0.0,0.0,1.0,96,2018-09-28 22:48:31+00:00
391,@FoxNews,0.3818,0.106,0.0,0.894,97,2018-09-28 22:48:30+00:00
392,@FoxNews,-0.2263,0.0,0.076,0.924,98,2018-09-28 22:48:29+00:00
393,@FoxNews,0.296,0.24,0.135,0.625,99,2018-09-28 22:48:29+00:00
394,@FoxNews,-0.7003,0.0,0.244,0.756,100,2018-09-28 22:48:29+00:00
395,@nytimes,0.2584,0.085,0.0,0.915,1,2018-09-28 22:48:28+00:00
396,@nytimes,-0.2263,0.0,0.083,0.917,2,2018-09-28 22:48:27+00:00
397,@nytimes,0.4019,0.114,0.0,0.886,3,2018-09-28 22:48:27+00:00
398,@nytimes,0.0,0.0,0.0,1.0,4,2018-09-28 22:48:26+00:00
399,@nytimes,0.0,0.0,0.0,1.0,5,2018-09-28 22:48:20+00:00
400,@nytimes,0.3182,0.113,0.0,0.887,6,2018-09-28 22:48:19+00:00
401,@nytimes,-0.765,0.0,0.306,0.694,7,2018-09-28 22:48:18+00:00
402,@nytimes,-0.3182,0.0,0.103,0.897,8,2018-09-28 22:48:08+00:00
403,@nytimes,0.0,0.0,0.0,1.0,9,2018-09-28 22:48:01+00:00
404,@nytimes,0.0,0.0,0.0,1.0,10,2018-09-28 22:48:00+00:00
405,@nytimes,0.0,0.0,0.0,1.0,11,2018-09-28 22:47:59+00:00
406,@nytimes,0.2584,0.085,0.0,0.915,12,2018-09-28 22:47:53+00:00
407,@nytimes,0.0,0.0,0.0,1.0,13,2018-09-28 22:47:51+00:00
408,@nytimes,0.0,0.0,0.0,1.0,14,2018-09-28 22:47:51+00:00
409,@nytimes,0.0,0.0,0.0,1.0,15,2018-09-28 22:47:49+00:00
410,@nytimes,0.2584,0.085,0.0,0.915,16,2018-09-28 22:47:32+00:00
411,@nytimes,-0.6597,0.089,0.266,0.645,17,2018-09-28 22:47:28+00:00
412,@nytimes,0.4003,0.197,0.0,0.803,18,2018-09-28 22:47:26+00:00
413,@nytimes,0.2023,0.13,0.0,0.87,19,2018-09-28 22:47:25+00:00
414,@nytimes,0.0,0.0,0.0,1.0,20,2018-09-28 22:47:25+00:00
415,@nytimes,0.5719,0.222,0.0,0.778,21,2018-09-28 22:47:24+00:00
416,@nytimes,0.0,0.0,0.0,1.0,22,2018-09-28 22:47:24+00:00
417,@nytimes,0.2584,0.085,0.0,0.915,23,2018-09-28 22:47:23+00:00
418,@nytimes,0.0,0.0,0.0,1.0,24,2018-09-28 22:47:23+00:00
419,@nytimes,0.0,0.0,0.0,1.0,25,2018-09-28 22:47:21+00:00
420,@nytimes,0.2584,0.085,0.0,0.915,26,2018-09-28 22:47:20+00:00
421,@nytimes,0.2584,0.085,0.0,0.915,27,2018-09-28 22:47:17+00:00
422,@nytimes,0.5423,0.29,0.138,0.572,28,2018-09-28 22:47:16+00:00
423,@nytimes,-0.5423,0.138,0.296,0.566,29,2018-09-28 22:47:16+00:00
424,@nytimes,0.0,0.0,0.0,1.0,30,2018-09-28 22:47:05+00:00
425,@nytimes,0.0,0.0,0.0,1.0,31,2018-09-28 22:47:05+00:00
426,@nytimes,0.0,0.0,0.0,1.0,32,2018-09-28 22:47:03+00:00
427,@nytimes,0.0772,0.142,0.129,0.73,33,2018-09-28 22:47:02+00:00
428,@nytimes,0.2235,0.173,0.0,0.827,34,2018-09-28 22:47:00+00:00
429,@nytimes,0.0,0.0,0.0,1.0,35,2018-09-28 22:46:57+00:00
430,@nytimes,0.0,0.0,0.0,1.0,36,2018-09-28 22:46:56+00:00
431,@nytimes,0.2584,0.085,0.0,0.915,37,2018-09-28 22:46:55+00:00
432,@nytimes,0.0,0.0,0.0,1.0,38,2018-09-28 22:46:53+00:00
433,@nytimes,0.0,0.0,0.0,1.0,39,2018-09-28 22:46:46+00:00
434,@nytimes,0.0,0.0,0.0,1.0,40,2018-09-28 22:46:43+00:00
435,@nytimes,0.0,0.0,0.0,1.0,41,2018-09-28 22:46:39+00:00
436,@nytimes,0.3612,0.122,0.0,0.878,42,2018-09-28 22:46:39+00:00
437,@nytimes,0.1965,0.202,0.167,0.631,43,2018-09-28 22:46:38+00:00
438,@nytimes,-0.8591,0.0,0.333,0.667,44,2018-09-28 22:46:34+00:00
439,@nytimes,0.4588,0.5,0.0,0.5,45,2018-09-28 22:46:33+00:00
440,@nytimes,0.0,0.0,0.0,1.0,46,2018-09-28 22:46:22+00:00
441,@nytimes,0.2732,0.16,0.0,0.84,47,2018-09-28 22:46:21+00:00
442,@nytimes,-0.2732,0.0,0.13,0.87,48,2018-09-28 22:46:19+00:00
443,@nytimes,0.2584,0.085,0.0,0.915,49,2018-09-28 22:46:18+00:00
444,@nytimes,0.2584,0.085,0.0,0.915,50,2018-09-28 22:46:13+00:00
445,@nytimes,0.0,0.0,0.0,1.0,51,2018-09-28 22:46:10+00:00
446,@nytimes,0.0,0.0,0.0,1.0,52,2018-09-28 22:46:05+00:00
447,@nytimes,0.0,0.0,0.0,1.0,53,2018-09-28 22:46:04+00:00
448,@nytimes,0.0,0.0,0.0,1.0,54,2018-09-28 22:46:04+00:00
449,@nytimes,0.0516,0.267,0.294,0.438,55,2018-09-28 22:46:00+00:00
450,@nytimes,0.0,0.0,0.0,1.0,56,2018-09-28 22:45:58+00:00
451,@nytimes,0.0,0.0,0.0,1.0,57,2018-09-28 22:45:58+00:00
452,@nytimes,-0.5267,0.0,0.18,0.82,58,2018-09-28 22:45:57+00:00
453,@nytimes,0.0,0.0,0.0,1.0,59,2018-09-28 22:45:56+00:00
454,@nytimes,0.2584,0.088,0.0,0.912,60,2018-09-28 22:45:55+00:00
455,@nytimes,0.0,0.0,0.0,1.0,61,2018-09-28 22:45:55+00:00
456,@nytimes,0.0,0.0,0.0,1.0,62,2018-09-28 22:45:53+00:00
457,@nytimes,0.296,0.115,0.0,0.885,63,2018-09-28 22:45:51+00:00
458,@nytimes,0.0,0.0,0.0,1.0,64,2018-09-28 22:45:50+00:00
459,@nytimes,0.2584,0.085,0.0,0.915,65,2018-09-28 22:45:49+00:00
460,@nytimes,0.4588,0.167,0.0,0.833,66,2018-09-28 22:45:45+00:00
461,@nytimes,0.0,0.0,0.0,1.0,67,2018-09-28 22:45:43+00:00
462,@nytimes,0.0,0.0,0.0,1.0,68,2018-09-28 22:45:35+00:00
463,@nytimes,0.2584,0.085,0.0,0.915,69,2018-09-28 22:45:29+00:00
464,@nytimes,0.2584,0.085,0.0,0.915,70,2018-09-28 22:45:28+00:00
465,@nytimes,0.0,0.0,0.0,1.0,71,2018-09-28 22:45:27+00:00
466,@nytimes,0.0,0.0,0.0,1.0,72,2018-09-28 22:45:24+00:00
467,@nytimes,0.2584,0.085,0.0,0.915,73,2018-09-28 22:45:23+00:00
468,@nytimes,0.0,0.0,0.0,1.0,74,2018-09-28 22:45:21+00:00
469,@nytimes,0.5423,0.29,0.138,0.572,75,2018-09-28 22:45:16+00:00
470,@nytimes,0.296,0.095,0.0,0.905,76,2018-09-28 22:45:15+00:00
471,@nytimes,0.2584,0.085,0.0,0.915,77,2018-09-28 22:45:14+00:00
472,@nytimes,-0.296,0.0,0.145,0.855,78,2018-09-28 22:45:14+00:00
473,@nytimes,0.0,0.0,0.0,1.0,79,2018-09-28 22:45:14+00:00
474,@nytimes,0.0,0.0,0.0,1.0,80,2018-09-28 22:45:10+00:00
475,@nytimes,0.0,0.0,0.0,1.0,81,2018-09-28 22:45:09+00:00
476,@nytimes,0.5719,0.222,0.0,0.778,82,2018-09-28 22:45:08+00:00
477,@nytimes,0.0,0.0,0.0,1.0,83,2018-09-28 22:45:04+00:00
478,@nytimes,0.0,0.0,0.0,1.0,84,2018-09-28 22:45:02+00:00
479,@nytimes,0.0,0.0,0.0,1.0,85,2018-09-28 22:45:00+00:00
480,@nytimes,0.0,0.0,0.0,1.0,86,2018-09-28 22:44:59+00:00
481,@nytimes,0.2263,0.132,0.099,0.769,87,2018-09-28 22:44:59+00:00
482,@nytimes,-0.0516,0.0,0.05,0.95,88,2018-09-28 22:44:59+00:00
483,@nytimes,-0.5267,0.0,0.18,0.82,89,2018-09-28 22:44:55+00:00
484,@nytimes,-0.5267,0.0,0.18,0.82,90,2018-09-28 22:44:55+00:00
485,@nytimes,0.0,0.0,0.0,1.0,91,2018-09-28 22:44:49+00:00
486,@nytimes,-0.8689,0.084,0.377,0.539,92,2018-09-28 22:44:49+00:00
487,@nytimes,-0.8591,0.0,0.333,0.667,93,2018-09-28 22:44:48+00:00
488,@nytimes,-0.6908,0.044,0.233,0.723,94,2018-09-28 22:44:40+00:00
489,@nytimes,-0.7096,0.0,0.269,0.731,95,2018-09-28 22:44:39+00:00
490,@nytimes,0.6597,0.242,0.061,0.697,96,2018-09-28 22:44:39+00:00
491,@nytimes,0.3612,0.122,0.0,0.878,97,2018-09-28 22:44:38+00:00
492,@nytimes,0.8356,0.397,0.0,0.603,98,2018-09-28 22:44:37+00:00
493,@nytimes,-0.4588,0.0,0.364,0.636,99,2018-09-28 22:44:34+00:00
494,@nytimes,0.2584,0.085,0.0,0.915,100,2018-09-28 22:44:31+00:00
